epoch, loss, end_reward, avg_reward, avg_Q, Q_loss
0,0.034561820477247235,9,-0.00039838159937932716,0,237.44649042364154
1,0.03629685886204244,4,0.009380218658718974,3.873650550842285,258.78716495915734
2,0.025930209534949275,8,0.046398738857544586,3.3994827270507812,96.60656504118074
3,0.018456059051677586,23,0.10282442128725165,4.076129007339477,166.50675931383307
4,0.03176002179272473,35,0.03417179666241704,3.191240534186363,114.4156064621606
5,0.09383335633203388,34,0.11035917383726397,8.045481074940074,120.78483172451685
6,0.03887145085619731,8,0.07191206597881522,7.16662351290385,134.81234907901734
7,0.033088548812083896,26,0.06252140561060394,7.139414985974629,102.60394257381664
8,0.03569000073708594,34,0.027151368713750172,8.945528302873884,130.063453745866
9,0.03668418264482168,7,-0.008930912821197092,8.76218811670939,70.26865013946397
10,0.03830784778110684,24,0.09605734749480468,7.318088281722296,61.24891485526565
11,0.0399777890369296,32,0.12468836219415749,9.10196590423584,70.22715921159912
12,0.03300930991768837,32,0.04952342861621039,8.282968220503435,86.79795687449491
13,0.03366569506935775,34,0.08799054861659089,8.470333337783813,61.06587663837889
14,0.041318826526403424,8,0.018514937391433273,6.325323740641276,42.788617046938874
15,0.028648212822154163,7,0.00128586940334483,5.138420906933871,29.742204631892275
16,0.02339229618423971,8,0.05039576924925264,3.50846905708313,78.62867017870913
17,0.02686226669466124,8,0.04886735859699355,4.2062270021438595,26.4059714741679
18,0.02287660026922822,28,0.0700403517303772,8.167104119346256,38.070379690874425
19,0.025088826655410235,20,0.05074437025736149,7.780968377756518,35.84741273482749
20,0.029723449600860475,33,0.15185050788670326,6.795208007861406,36.755911224560315
21,0.026241835737600926,24,0.0456964497944048,6.771269045378032,36.77210592479992
22,0.026433437150747835,8,0.030993748186254895,4.008438775033662,21.63307809580905
23,0.024031515659528293,8,0.03525080532592436,4.098212331533432,15.890164015717298
24,0.029357320656291916,8,0.043311612565779097,3.384535797437032,22.073415745645512
25,0.019938115491531787,14,0.037981030529492726,7.236219167709351,347.1717952970693
26,0.022496203301024847,8,0.04833785349371056,3.1952957740196815,19.08194549831569
27,0.017515431083738806,38,0.1058463854980376,7.050991027962928,28.301962166049034
28,0.016123342430219057,8,0.03247992191114391,4.153183754609556,16.46985056138245
29,0.028754132506437595,33,0.13660153951634044,7.408806735819036,65.2927816943488
30,0.02059926303103566,35,0.10907050803004237,7.505421198331392,22.531738186613612
31,0.02714208731023999,8,0.051869865812068344,3.5475961168607077,13.102701508676555
32,0.014602057993412021,8,0.05603087151210365,2.435253322124481,8.795557018715877
33,0.014778870397713036,33,0.17520307509341254,5.459616364971284,17.699744731175254
34,0.025701233944973024,8,0.06377870376999317,2.1553155535306687,7.554601222074104
35,0.014714032630436124,18,0.015502711157213023,5.92701406437054,20.073547162457377
36,0.022175836283713578,33,0.02297343646048832,6.7031947589311445,25.767555412668557
37,0.012299049217089087,8,0.0709000863825883,2.099501010349819,6.939607251109122
38,0.02491954148747027,34,0.04550415773736961,6.372265750628252,20.177906393996278
39,0.01823948439210653,38,0.09986163555923688,5.917195602699563,20.687694912206613
40,0.019299884724896393,38,0.09417224630439451,6.466785667339961,24.48035333023288
41,0.04878825174644589,34,0.1848149710511169,5.320749659469162,13.95994729223389
42,0.03036691768560558,35,0.1795097036079035,4.924219594445339,23.90786834697451
43,0.01759435120038688,49,0.27008504615103157,5.276081067323685,13.95107125232012
44,0.04357580421026795,37,0.13064541845987043,5.801199646599321,15.295847944631356
45,0.01903233802704899,8,0.05238601206471006,3.6026491068658375,10.815979968406738
46,0.028963913279585543,34,0.09965460775731946,5.756815514394215,43.224020514172835
47,0.023854876537807282,7,0.004131077648722725,6.695532560348511,370.88551443211617
48,0.023280544206500067,37,0.15948563275554925,6.480333863894145,15.718947507709393
49,0.024388902103528384,8,0.029613816657576245,3.6859840875790444,8.119391276865963
50,0.029691397319547837,35,0.09448147353597196,5.740563306808472,16.01937166240622
51,0.013207392645999792,5,0.00935950373401653,4.226433577307736,9.847240965603994
52,0.022681673202249748,8,0.03793066409246738,2.744380562913184,10.506421449945359
53,0.02849712273105979,38,0.1295125064540888,6.806363409910446,16.94348835220462
54,0.020400814160704613,8,0.05778783668917738,2.679592817328697,8.045136294685989
55,0.02266839072423971,8,0.05923042850813633,2.6784621477127075,10.566113674281375
56,0.022546066845978163,8,0.021999807689559135,2.7863825573978653,6.6055291366766165
57,0.015255531950388104,34,0.14802353128597395,6.394955499870021,15.210606869101346
58,0.02697066105902195,38,0.04208176679421636,7.194626428864219,17.022953041131327
59,0.019256067611277104,8,0.020331782942473543,5.75485622882843,276.399823478652
60,0.042206224338151514,38,0.029362821243654143,6.88316472602445,18.585836903701303
61,0.02816629980690777,34,0.014966244804765567,7.344818047501824,36.690988945948035
62,0.03540035382844509,24,0.10149047521732384,5.360207915306091,115.91972661594923
63,0.037878742151450914,8,0.06376975756969266,2.7329794044295945,7.152660637479502
64,0.02777992483594866,8,0.06560689179995996,2.445469604598151,6.468166905816899
65,0.024266841295175253,38,0.08609641768020249,7.71550215305166,32.15241490445484
66,0.021588474404998118,37,0.025767191921134643,7.0819673929163205,15.572842438643779
67,0.015451102443039415,34,0.14903521081357599,3.922891512735566,12.431554020066741
68,0.026450618025846785,38,0.15526324119679735,5.715338919276283,10.73683808611399
69,0.03658724130131304,38,0.14136385793144818,5.367330737481607,10.60123540663818
70,0.028253053380176425,38,0.1499618297437198,5.650639852961978,17.03538605509098
71,0.023885558769106863,23,0.08352792084896382,7.896635204553604,139.30804711694682
72,0.026587908089693104,8,0.07173399641866801,2.0846886078516644,4.803670963166492
73,0.01863008518237621,30,0.1521797047324161,4.721287373838754,15.445720274250158
74,0.01879862138535827,38,0.06485387211695762,5.587832348728643,11.8366860013672
75,0.016887875003740192,37,0.2107310104453212,5.128809841275215,10.33502498313445
76,0.020111861289478845,42,0.02318043844162785,7.081685442770465,16.41403741695251
77,0.034457857352044936,11,0.0651066109506078,4.168922914399041,6.8188175418935915
78,0.05585695410115738,8,0.06734194722879319,1.8551880471846636,13.462083156968964
79,0.026350329169072203,38,0.17491664419305922,5.336205133685359,13.561057584487111
80,0.02196498489473015,37,0.14769806334650212,7.060350047575461,40.18999142412053
81,0.03060307210311294,37,0.021177449516860253,5.957564671732614,11.328984433699922
82,0.028868309797613116,8,0.06158035368027715,1.7184446710806627,3.0750539418522504
83,0.02911462295386526,8,0.03412182499682381,2.6885109897702932,16.069716782683145
84,0.02503946472425014,38,0.05985981941290226,6.3551520663025105,11.647831395801166
85,0.03715473689497953,24,0.14881604475777196,3.6477355551719666,5.700590645128673
86,0.024125143988057974,8,0.021457951278428016,5.033886224031448,233.22434399994722
87,0.024365458059820193,8,0.04633635893326233,1.997254451115926,37.75840936493725
88,0.025649336841888727,38,0.15841079093045532,4.963756984844804,7.807676075683211
89,0.042319967034272855,38,-0.014877576511826966,5.754640140691224,16.311346224099644
90,0.04937629611231389,32,0.07429863668764317,5.111734962218429,15.941417841643041
91,0.037927033784799266,38,0.12009981186862703,5.691866471335806,10.096087453778221
92,0.031549588744528595,42,0.029978461320511546,5.04043433905762,11.56152681067556
93,0.03302638411289081,38,0.1388372818657157,4.726920556927484,8.540659617739182
94,0.028090378425703076,8,0.03234985236174881,3.0791200563019396,9.96698214012435
95,0.042498699813149854,11,0.044969115461843887,4.171815616243026,41.23792085457785
96,0.027747074263726374,8,0.05305002146460784,1.7548165131698956,7.498916381160044
97,0.03124371687415986,38,0.06972209004492663,7.318538951423933,31.357919140484018
98,0.04179137112898012,8,0.06189025830641332,2.1545839049877267,3.553389306848085
99,0.025367352040484546,17,0.05643191141423665,4.993065934181214,34.87567960273865
100,0.03755703479517252,38,0.11595942847432933,5.7787164533347415,10.113406554913071
101,0.03238900818728975,8,0.044738272871374156,2.195173810307796,5.881555352039738
102,0.03750461156480015,38,0.06105880610161347,6.4718605107382725,17.67058560382364
103,0.03245712425559759,38,0.11887509274421063,4.746417621007333,7.812649565528395
104,0.02129446178674698,8,0.06042115579706017,2.1728034009856563,4.6270083816569505
105,0.022677000472322104,8,0.01772641275360363,3.2270532846450806,76.87712566416431
106,0.035204352080372384,8,0.06979861332916164,1.5045003634074638,2.97319420984124
107,0.02528662545606494,7,0.013349033345430347,5.116211448396955,37.77776795811313
108,0.027863468825817108,36,0.16214628236488882,4.359809835751851,211.6506348189447
109,0.019648039010353384,31,0.11253647605112242,5.749220230046985,11.397468131584802
110,0.026687348515472626,8,0.07358563307909124,1.8854405413835476,2.523043243034442
111,0.02175596705172211,38,0.15706764109828253,4.759503655385651,6.31460708279455
112,0.022938053265119655,8,0.04084584952146903,2.3080422496332704,3.3889142418719147
113,0.02350302649696607,24,0.15367694661093664,4.4143129081437085,7.380764516074734
114,0.018999992907047274,8,0.01952785204330077,2.6128483400788416,14.919762493035295
115,0.014757987726479774,38,0.047206368052429476,5.009351543542268,8.191344216763502
116,0.03531654959544539,37,0.09256988849699974,2.923334232482471,4.599354398400794
117,0.018015840929001565,33,0.15600636682135294,5.75646394278322,20.135173509290098
118,0.035990537796169536,43,0.20256677693582778,4.664344900391168,6.785246766717808
119,0.021378908115439126,33,-0.13426760274145705,6.1773221913506005,11.82954559738073
120,0.023158035313637994,8,0.0435261270799916,2.3659570061642192,3.553133000924005
121,0.018023346897680308,35,0.06488633784424166,5.4960038971744085,16.451123563894214
122,0.05343849663157016,38,0.14803172100477113,6.48510909194038,11.910976823451202
123,0.020268742372281847,35,0.10026587170702737,3.9482866749167442,5.620832106778639
124,0.06459647594951091,38,0.15438321886973647,4.323420584201813,6.569109077937139
125,0.021322249835357063,31,0.16535848526593316,6.643339983622233,22.134648145412637
126,0.05170671574771405,38,0.19603367371560693,4.483715518631718,7.835597435726723
127,0.026880445384886112,38,0.10567932684532294,5.808946327159279,69.78235374906939
128,0.039332475666888064,38,-0.176100986902758,5.017814013251552,9.184671238663007
129,0.03336811001412571,35,0.066955590224133,4.6376114812764255,24.755815173020157
130,0.06869724277872594,38,-0.10551083270257895,4.734802175547693,8.519707515921047
131,0.05540222370065746,37,0.0958031078019983,5.176673276985393,14.448415233494067
132,0.05038538058521225,38,-6.916559546707793e-05,4.972581555462115,6.934182211296456
133,0.0744329678453505,38,0.08044453146248934,6.578682565440734,14.606423570789579
134,0.07845961880870164,40,-0.03803417370057156,6.097034911046157,9.564753443772467
135,0.04344682947732509,39,0.021113607342489148,4.92481703179724,7.557595611526998
136,0.04966889398172498,39,0.09454311727397689,4.6293318435353665,6.576596218277562
137,0.0634099877346307,34,0.10815042247664222,4.626620533404412,6.762577064423079
138,0.07368316166102884,34,0.016956423085911086,4.675883649903185,7.391028846639111
139,0.05074162235483527,32,0.05337433941357506,7.822013032622635,25.672000239367602
140,0.046776381987147043,34,0.11039515869821956,7.217264815739223,39.0486483760379
141,0.0569079622719437,34,-0.06260129064825602,5.799868001330713,7.807300040263873
142,0.04598570995032789,33,0.0910969106471988,5.261368226837105,7.6906804659994545
143,0.04600268724840135,34,-0.00010747896273587479,5.967440395322565,18.667632437221933
144,0.0585178478527814,32,0.02101959626139141,6.497890584468841,30.750499344751503
145,0.06603207018692045,8,-0.06396807977969592,5.152759884084974,38.49247800144754
146,0.05082390099763872,40,0.04213641397235786,5.872308694264468,8.015488540640622
147,0.04175537656061353,34,0.12606381241844658,5.686526540252897,20.960951133168212
148,0.0603705591429025,34,0.11428538800919436,6.856270613493742,24.295509385837622
149,0.049879047656431794,37,0.06524470138769906,6.336265147299994,12.807346393981858
150,0.03992093643173575,20,0.012579554873767485,8.43840182508741,52.908588433128315
151,0.04787109538912773,34,0.12920403309461675,5.277669706931396,6.631922484782902
152,0.053105497462675004,38,0.17467280178126224,5.132607106090516,7.670829398055249
153,0.035449790125712755,38,0.11767639670650987,5.010166995582127,8.53989953582838
154,0.059841526532545694,31,0.09877856892736575,4.693540802044151,9.038866678665034
155,0.04803961493074894,38,0.09051130135421824,5.873151494290239,12.377298192901515
156,0.046507842801511295,11,0.05493149988671531,6.84587800833914,150.73690315268388
157,0.04817958116531373,42,0.14944475422272613,5.302763070109524,6.558829026288362
158,0.040208435729146015,33,-0.010323759094085394,5.290902898274362,7.084654765382593
159,0.03422902505844831,6,-0.005459748867930915,4.978773741161122,55.97070032318991
160,0.052407192381318,8,0.03772674552106439,3.0856324418171033,3.911023107541418
161,0.03883805320598183,37,0.0065534003061502154,5.992852709123066,8.471534508455235
162,0.061731807976029826,38,-0.03342796112797039,6.529106154369238,9.329068888000926
163,0.06290942326188088,19,0.08629767076752799,3.9615715812969876,5.438712834832568
164,0.03810553952120245,30,0.08572830774261635,5.767560310088671,17.247404760479526
165,0.04545236595906318,32,-0.028911808937347384,5.306591712568007,8.069179153599997
166,0.04320935151539742,38,0.04888368203512666,5.3944781738884595,12.044689652987584
167,0.04453240958973764,38,0.17894693516484053,6.273222118143051,19.94430202090532
168,0.036543752560392016,42,0.1429305574862827,4.213429631371247,6.030396293114698
169,0.04656822312623263,38,0.21224756912462295,4.958146924602574,8.376097159471264
170,0.05942222869023681,38,0.12469118810189125,5.151246477623244,31.093829870868444
171,0.04485870421864092,28,0.10892220319605243,4.1717524239349935,10.26387306395711
172,0.06166529317386447,49,0.1731489582624411,5.920180492013333,7.448068003761641
173,0.05118707208721726,8,0.07633390617235018,3.043813529468718,3.903398781551106
174,0.03645236608572304,11,-0.27659916091271125,5.339876708870163,7.633824248869367
175,0.053585124751552936,32,0.0341529333061861,4.86756497118252,7.60995496416109
176,0.07942735634744165,38,0.14285394777681829,7.907802581787109,220.92384687083532
177,0.03681334724649786,34,0.11199459138407411,5.214018423815031,16.69524887089987
178,0.03271958942214648,11,0.07276082631842717,2.7761798736949763,4.5461361026520075
179,0.03689065775834025,33,0.011099197824338443,5.269953581492106,16.318779804917128
180,0.05716001371853052,8,0.014365693143243955,3.710333315389497,25.811426572453374
181,0.05030827076474498,11,0.093022073699032,3.0410512562879584,3.7512958828541594
182,0.059169607087969776,34,0.12200839893677289,6.459377791974451,18.196350237445007
183,0.041473382916301475,49,0.25298288791994494,4.429723476922071,18.00313014279693
184,0.03669417863711715,8,-0.015561181009247846,5.501266492737664,41.14650656736676
185,0.05144154564477505,13,0.05554535647983082,4.522691763937473,60.069628039797145
186,0.03667578395456077,11,0.028488450813380983,4.713184352431979,31.376765301056654
187,0.03464511003345251,13,0.01745558517983669,6.080411518995579,49.6021740046533
188,0.02881250453872546,8,0.0601578824105872,3.0303260951206603,13.58659919023232
189,0.0387318176496774,38,0.09143897005556301,5.947896352037787,11.394940421631636
190,0.03973425208590925,38,0.12453418930208386,5.500832028756632,10.397703868720576
191,0.03811095466837288,49,0.26914190860101406,4.550388481102738,8.797179943088542
192,0.04412586627528071,38,0.1474792861337658,6.360912897851732,14.704195109209591
193,0.028224390326067807,49,0.15218534599513747,5.316282521488507,8.060454511041705
194,0.04797982843592763,38,0.15737287632811642,5.632606502012773,9.339172543310008
195,0.039439324084669346,38,0.08058185452849367,6.071277589298958,9.517033593745479
196,0.04197232475504279,42,0.011206342049878984,5.552150585112118,15.359311316056484
197,0.0384299762174487,42,-0.10206859976295019,5.75728513521608,9.748214287905116
198,0.040293063267938085,8,0.069921353160114,3.3031142354011536,11.806350258067045
199,0.04879355356097222,49,0.25279563191093024,4.201210902331496,5.338732109977062
200,0.03716515392019339,11,0.05845623833929162,2.928308447202047,11.890674391986002
201,0.035032139597460626,38,0.14454965505113818,5.39660295770008,6.095282193134316
202,0.03933311764350427,8,0.06872662080255675,3.177441888130628,6.815366313364284
203,0.03426419451832771,38,-0.00916822142840969,5.175261774606872,10.520162996650823
204,0.04490220350580233,8,0.07652781003493833,3.2986971147855124,5.708760185325087
205,0.04895621444359959,8,0.05138843140970209,3.3485344713384455,8.570059852371934
206,0.03754674213938415,38,-0.01297982556899455,6.223196106414273,20.827227404560222
207,0.02560311055742204,38,0.0689576955762054,5.743360927382719,12.410474488083002
208,0.03156557144597173,34,0.1279858174120247,6.53604438253071,31.112771170034456
209,0.038896920811384905,49,0.6819060519526827,5.68901447360742,6.157204175646904
210,0.03163753082975745,38,0.11586572650461391,5.870473066442891,33.27085726168529
211,0.04299519118852913,8,0.019075207756374456,4.745853991735549,41.685822086587166
212,0.029361554872124426,8,0.058819920069736825,4.116733110403713,6.351687141226836
213,0.02649612122215331,32,-0.09275033026761778,5.103990273655586,7.353766886041494
214,0.03154213069938123,37,0.13676219504791648,7.419282824828707,27.042636226754926
215,0.046225707577541485,10,0.0029219876673692094,4.559695863723755,137.4223992194672
216,0.03839917001314461,22,0.0265062137128386,4.106984811214109,9.401960925571098
217,0.03986474093981087,34,-0.10041711518804329,8.645794490973154,116.0327681836165
218,0.028531647790058526,8,0.07120908546630793,3.4790294965108237,58.5966757244665
219,0.041394569701695624,8,0.05918120197270592,4.281231811113447,5.148233106585303
220,0.0596208274114452,8,0.033194718208661995,3.8029958781074074,8.516371881745268
221,0.029848393565043815,42,0.25575828270292245,5.325155479718099,9.282920302357976
222,0.04043837067671119,34,0.13425541731379095,5.394260119824183,25.027995010372656
223,0.024826142108067866,38,0.14939810186924682,5.180308703144517,7.356335669728055
224,0.03755141761153937,8,-0.022465604954690993,4.18460281422505,22.280716309796382
225,0.0329056673683226,38,0.07347502978599092,6.932463400592708,14.291293739351666
226,0.034967486821115015,39,0.03331774031646104,5.552477233667872,8.696179003528174
227,0.03546215777285397,26,0.060313230186530176,5.570079832576042,13.250240355285726
228,0.029400619682855896,50,0.22701871448230268,5.039702211940511,6.518382307073412
229,0.03630380518734455,8,0.06590446013720601,3.73033591021191,10.004251649320663
230,0.022373020835220813,38,0.11710682653628567,5.7180971945721675,7.134230123117906
231,0.0405299183819443,24,0.0877900913861946,6.1262601091052,21.043729369016347
232,0.03528655974194408,38,0.12412382432995146,5.506803837689486,17.39642477651216
233,0.028379187118262043,30,-0.04961162467754497,5.527642665238216,38.982259721195554
234,0.039405570374801746,5,0.0073378921576814984,4.650380658548932,22.294768718851405
235,0.04887982667423785,34,0.2618190779982485,5.692483907239248,7.082764880799052
236,0.02967386720702052,49,0.16912385944332292,4.866398178685356,5.918096868033604
237,0.0413838898204267,28,0.027942690792602396,5.172247289963391,22.95410982781932
238,0.0479467555321753,47,0.1689651883474964,5.880796470365472,6.517770734302446
239,0.04249166135676205,36,0.20690526539610096,5.9410307208697,15.796175361179447
240,0.027551269685332686,8,0.03784483139960252,4.5662988614635305,7.664681122295491
241,0.029779906505718826,56,0.05147050957314979,6.305723797740801,14.242345283353822
242,0.05300212093628942,39,0.15703427093357755,4.669550573825836,5.19328802152885
243,0.02308396722190082,38,-0.10530464304829583,5.524514359955707,6.8761570042653135
244,0.03979167612269523,38,0.16482863554109245,4.531579175694236,6.577942030161148
245,0.021353492290893596,8,0.05813297345300391,4.212558889389038,37.09899240533431
246,0.043083689101040365,49,0.09712624398966953,4.454290992441191,6.289978844759936
247,0.059843932855874304,38,0.19129482261237243,5.348949284780593,9.729580505327098
248,0.041978966705501074,2,-0.06398476992275744,5.630366218717475,30.80676166930284
249,0.043354211915284394,36,0.18489360705721333,6.478037792223471,54.687624211882984
250,0.026868690000846983,8,0.0228889948925275,3.911111243204637,13.52180351439886
251,0.045218391604721526,38,0.018527931588299854,4.879057925782706,7.33425036674481
252,0.04242225317284465,11,0.005406882270276178,5.679140781101427,11.776321544855387
253,0.02202604610472917,43,0.17920547375693593,6.016396976179546,39.2682115107094
254,0.03673810662701725,34,0.18545963246261674,5.47266675732029,16.15501224720491
255,0.03378074316307902,38,0.19473284049116846,4.524662443506184,12.807001997062097
256,0.042015480925329016,8,0.019146022879841917,5.129584550857544,307.49345885571137
257,0.03571568567305802,37,0.16553429375295822,5.407140630212697,12.552974133297255
258,0.0361933192051947,4,-0.023187351420258073,3.859387527314984,8.311654068725495
259,0.027786632748320706,34,0.12745897391168398,6.16283549157658,13.60223754264491
260,0.03581174035051852,8,0.06488955094873915,2.7732129697687924,3.233559437204692
261,0.039371749740093956,42,0.16324987372112182,6.056249285800548,7.4925952673131775
262,0.04770396643185189,8,0.07271108221300078,2.6719286035407674,3.2512384466348028
263,0.032548007695004336,38,0.11685624170569713,6.567660392262042,21.8988702525648
264,0.04740484728477894,38,-0.061647634767032625,4.964346928410972,7.214926216767592
265,0.05209024792520312,8,0.0732650283651515,3.196527143319448,14.630399257242088
266,0.030866533281311156,8,0.04575280243812728,5.966577087129865,78.37888282247208
267,0.04538923857733607,33,0.1527291572401589,8.5451340675354,312.8146448734191
268,0.031366416523233055,26,0.07908369116384496,5.319121900659341,40.118004829169195
269,0.029892632486298677,38,0.13766911087839978,5.609466792539108,25.715938400244752
270,0.022351275654509666,49,0.18176491152089808,4.3115487878580065,5.464831444505881
271,0.034260373680629355,8,0.052537200512866866,3.6562021672725677,35.28274418243928
272,0.05739653966988304,8,0.06850872316397594,2.9555228593803586,3.84996970182551
273,0.033934156894683834,23,0.0637974675049742,6.5419931163390475,62.62206270510875
274,0.030608938997611405,38,-0.14319264833640402,4.251408340711449,7.119631720100619
275,0.03401493893138,8,0.06490928516006472,3.7322120666503906,199.12065335422227
276,0.02296004327575838,8,0.06141205421464073,3.2492152187559338,52.75336040788336
277,0.035409328937530515,38,0.16162642729056365,5.401446372270584,22.30709758357694
278,0.032901048489393445,8,0.07528040956880881,3.1056666356414113,4.985878634437184
279,0.03783437367177234,8,0.07683747991308136,3.22737371463042,4.245214075825056
280,0.035186483915895225,34,0.14060171775644648,5.374939625079815,19.545203113788464
281,0.03446682635694741,48,0.14025949213529554,5.338523512685692,14.725561630497426
282,0.04025181992910801,34,0.03573486548927157,6.066453640311956,14.15718277191843
283,0.022988581666722893,33,0.1993943669562746,5.328340066596866,30.795064006897036
284,0.03058991358380451,8,0.07586927333549881,3.0886385479281024,10.614007667270668
285,0.02409567416645586,47,0.2981338702591487,4.799091334824693,8.660155937647113
286,0.06886397026430227,8,0.0455699378735144,3.9173338366489783,10.780344916317295
287,0.027950795318769373,8,-0.051097653533833255,2.837950814854015,35.24454758036625
288,0.04818616313859819,42,0.12133352490264501,5.683475995664116,8.359787068602222
289,0.034959468171000464,38,0.007439314853564437,5.002819728237741,6.872169419018601
290,0.05172577047405021,11,0.015760787045312696,7.682479303993591,9.584201976235668
291,0.037278459155932066,50,0.19058203573359378,4.041022044916947,5.307348033647346
292,0.039731946107931446,49,0.181933331154576,3.726509345015009,5.643395241595022
293,0.05590051073580981,8,-0.06289724847682368,5.774781262789454,7.1592487849206465
294,0.029135621747090702,8,0.07783655060627817,4.391810526613329,7.496041237982835
295,0.03148829773591275,8,0.06938292682168298,3.4310981952227078,13.871086818002963
296,0.07183567990548909,8,0.026030553030726596,4.373841418160333,91.66325603655645
297,0.030165385454893116,8,0.04547189124700588,4.619123448496279,32.19333906759621
298,0.04432303646809601,8,0.02820996522332889,4.329479862661922,41.72898174229001
299,0.03203689564950764,43,0.1439250694834969,6.088324742633744,7.217656786939665
300,0.03960932918593414,8,0.06526626749765209,3.419119828625729,19.097758707284257
301,0.08837188835860343,8,0.06933701243301967,2.877539537943803,4.1284363723037885
302,0.03810809652321039,4,-0.013279192855772164,0,236.05108474176848
303,0.04318284483626487,38,0.09428968951444991,5.983022052049637,12.15113013721066
304,0.03443542049266399,43,0.162100836196288,5.2056283423394865,6.903577378449314
305,0.05070538983772731,8,0.03156989421833733,4.201048270652168,14.893031228946706
306,0.04418768401257694,49,0.2384646183264865,5.3544910326600075,11.95630108567388
307,0.056648217542096986,38,0.034354054839087086,5.088486369416031,6.186439828980903
308,0.03826527054752072,8,0.04150795212883469,3.8789500600617863,6.400240132873225
309,0.035753223635256286,43,0.190573022361138,5.778706392851369,10.36918263491788
310,0.028691271115094424,49,0.26107167531452735,4.497536198794842,5.1275818891018865
311,0.027267016712576152,19,0.100851966277524,4.250375548643725,37.291907349273465
312,0.04105923085473477,47,0.25877927573933907,6.683141578461083,20.301682773682693
313,0.0368346373271197,42,0.09616793808180743,4.757388126789307,10.460312299228619
314,0.043877826542057824,8,0.06988696092564818,3.3455283482869467,8.276150254511437
315,0.032061523627489805,49,0.18331159527292987,5.059585292868823,10.703988048763758
316,0.0428404186386615,38,-0.108323029711972,6.304913147888352,12.631098611911593
317,0.06512130571206157,8,0.026810491760519205,4.502170526981354,72.35034370673357
318,0.026646698937948902,8,0.05597156897138666,3.7218625978990034,52.090176915270604
319,0.05049354080110789,31,0.056296365432615035,6.429429738359018,21.379496846536036
320,0.0349764293525368,34,0.11377030519307102,6.562148054440816,49.97937457611526
321,0.03419639062136412,35,0.03228238725883139,6.65435129404068,161.69089980592932
322,0.051151984538883,35,0.2062903063268106,4.4679057333410155,5.22768367122873
323,0.02217665922058665,8,0.07013803769908787,3.4337159552664125,7.884831139217919
324,0.05218551426194607,49,0.2389719637010149,4.955419944723447,5.45109430732496
325,0.045861590104177605,47,0.06790344195461454,5.599608352246312,6.532627148028351
326,0.05796180884353818,38,0.17804813687109838,6.088772467591546,27.959760983787625
327,0.03135681141167879,35,0.13551963797030037,6.75065685208164,21.3509537780416
328,0.031623879261314866,22,0.06070710923793486,8.262938158852714,234.67356840780312
329,0.032597459293901926,33,0.1101598364291697,5.855668957416828,48.36450222120511
330,0.030301930513559717,8,0.07121926956677194,3.60101600267269,7.237199474426583
331,0.03807359162185873,8,0.06521414143326978,4.025333061104729,10.916692130748956
332,0.034450414078310135,34,-0.060504462267597786,5.399767620766417,9.476319950310085
333,0.03401155309751629,36,0.14405571375160375,5.599613868648356,10.130072612036198
334,0.03169955411925911,33,0.0951966498544633,4.149884104728699,242.8773088262503
335,0.04563018743880093,49,0.2079693164954011,4.958278917751851,6.2080656878287686
336,0.027854830993495824,24,0.1956443741853003,3.9472634440974184,5.239463973717916
337,0.03358064687810838,38,0.001615915625639515,6.490336306765675,17.42913591025564
338,0.027232006210833788,34,0.14164791308229846,6.5243521040376224,18.0321290549596
339,0.021125256057793848,8,0.07669902051287009,5.414856157185119,7.171380949864996
340,0.029558164151385426,42,-0.056362112046146565,5.306805532926704,7.397287263041822
341,0.04347402813851181,8,0.0536018776112036,4.193899474143982,11.282217051235188
342,0.03064664502628148,42,0.06482645470781875,4.855673309770369,6.656471268480462
343,0.022873550839722166,32,0.14943980115295988,6.245930436584684,19.478525519028835
344,0.03751760121434928,34,0.15560902202379295,5.0776748267667635,15.286325780001322
345,0.030108565986156466,8,-9.642662081466719e-06,4.507428205930269,75.9848791185828
346,0.03274794298224151,35,0.17038219585551645,4.201185294426978,5.7996919476738
347,0.03071845079151293,11,0.09374797790964774,2.4322454380654843,2.6126234857309614
348,0.031257060952148995,8,0.06953848922212465,4.546034781079666,4.968447626400665
349,0.0397249202337116,49,-0.04962535623137446,5.231603262396768,7.683349167724112
350,0.030341869303956628,38,0.18135839465676282,5.989533529562109,31.61617563352729
351,0.06482433750712817,8,0.07503013079076702,3.9172237617800936,4.2811679903452085
352,0.03286693700627513,8,0.045527102899886804,4.500068089962006,13.323624218965783
353,0.05401386575773359,32,0.12975017530630806,6.474181136994992,30.54107539788778
354,0.041890366045250135,8,0.05550860940076001,4.70168248697051,5.552015798043749
355,0.038039660267531875,38,0.009813448588359096,6.639718549086316,14.766556918169206
356,0.03143741158768534,33,0.028025142768447503,7.041189560045798,28.519053174076998
357,0.03370928770878858,8,0.07082207070795521,5.3889568756366595,10.178141287407847
358,0.04062407000921668,38,0.13494844846916104,5.1774727122963595,10.538929291561885
359,0.022368086736511306,8,0.0504793593779558,4.6911717392504215,18.830129464023823
360,0.037999065175874924,8,0.05276419836902368,4.289032439390819,24.088808597833093
361,0.020606738068163388,37,0.13654362957439173,5.968181318640709,12.57077838310508
362,0.02270087381891374,8,0.07171171949553064,4.8710693059823456,6.96385696540789
363,0.02296242545358837,42,-0.06506357789851913,5.322311663627625,24.511657797984228
364,0.032038747105574195,8,0.03273334281678785,4.046386755884639,10.91342515260134
365,0.0650523650199175,8,0.05763758999674136,4.247581375969781,9.789202758435694
366,0.017547253554440895,8,0.07822689904292504,4.443807419659435,6.679857365705954
367,0.023728524237264726,8,0.03973003879262011,4.553070318698883,20.454047958647028
368,0.026673380574211477,37,0.1463820023532478,6.538437455041068,36.10090580036721
369,0.04777815713081509,32,0.07697866534430386,6.179239836606112,125.41776634624193
370,0.028901030868291853,49,0.24574118592992805,4.954931372107722,5.5108750992174285
371,0.029709129261040905,8,0.0697168114607719,4.445072873830795,4.855562514952872
372,0.03992415389046073,35,0.05523445656143168,5.311834076272069,8.958199682308038
373,0.03761245711706578,42,0.10228543172436025,5.72004654219276,10.490736043586214
374,0.026754644289612765,49,0.16505146953101887,4.321137760068987,6.263028797523976
375,0.023102325596846638,49,0.048216389114278314,4.946432841707159,8.213067592207649
376,0.04627408655360341,38,0.15282873941592584,3.8358868142261224,4.9512879870584205
377,0.026612957939505574,50,0.21555142858137524,5.629644847091506,10.643127817502142
378,0.03154177339105256,8,0.06971069075900277,4.950152652017001,17.02707644022895
379,0.036220328276976944,35,0.14137518508188196,6.083204825719197,124.81859114209782
380,0.028974791700020427,33,0.13738289748587298,4.8712710808502155,11.728523523551338
381,0.044804857717826954,39,0.12112677601559113,5.327345014758297,8.027927790350866
382,0.032873841011896734,35,-0.10009886196522183,4.852138379795684,6.507639060717152
383,0.029682832474047825,8,0.05592954283524536,4.64019039851516,8.88006949540418
384,0.04022989784358839,8,0.0743597024422587,4.429015315496004,6.221725245268623
385,0.04199833583086729,36,0.05193076809881036,5.776781019737136,11.958502342773969
386,0.039204189293086535,35,0.13075409810672217,4.840472447020667,56.49958497122528
387,0.0372895713057369,50,0.1251802237559092,4.16373135417655,6.149627138003341
388,0.050432435907423495,35,0.18268577686046775,5.312876417376529,12.411724095884754
389,0.03213183348067104,38,0.08456095396408492,6.179178074878805,20.096952759820418
390,0.041401291941910716,8,0.07183897933209285,4.425236511636864,11.418265554982737
391,0.029362715086189362,8,0.06805787037219928,4.003737788251105,4.976370076026906
392,0.037571099083870636,45,0.16883464530521705,3.980272377626254,4.817866997731438
393,0.03027279878035188,34,0.1268528929030052,7.629312455654144,119.26664209925707
394,0.03633990050293505,33,0.019175677666593238,4.928344909529217,9.183160295219297
395,0.036509595047682517,51,-0.08803842880125956,7.116944273183872,20.6165441564313
396,0.03532558174705819,11,0.09940538499669384,2.3275179650102342,5.693896036931014
397,0.03179855918511749,38,0.0844665628558132,4.794845236654299,7.8772103936275215
398,0.04250262156615849,8,0.040592730996359794,4.634961817945753,23.324817578817434
399,0.020569021417759358,38,0.0762244297817721,6.551048440012065,14.436564934032685
400,0.029618224804289644,39,0.1401571111299453,5.256075140365884,9.386784574918149
401,0.041079249616180154,8,0.02903415493765185,5.732051987200975,31.04490441318901
402,0.03498750191647559,32,0.0248199536817605,6.2352479841364055,18.196609339542995
403,0.0284899748954922,33,0.06315223845258486,6.434204941812683,16.909771156207455
404,0.03144448101520539,39,0.13406121502757912,6.008139396481441,9.362650164312658
405,0.03742879651667129,8,0.06456289039923328,4.917032504081726,154.08598958723928
406,0.03532100082375109,8,0.059889095831759886,4.633647955380953,7.31042027196999
407,0.026138291349634527,38,0.07849654768032695,4.769537440836429,6.875250035251763
408,0.026033097486943,38,0.1473938939631514,4.8201594301064805,14.723342517160281
409,0.023154802583158017,34,0.1536717587273548,4.845487284697285,8.44999424961198
410,0.03308135027997195,48,0.2717845534065378,4.928457369407018,5.678958572847326
411,0.02320185536953891,8,0.07657380562586474,4.730507170831835,6.8463412018795236
412,0.03649620435200631,47,0.21771181447732843,3.7218097871967726,4.853378317381343
413,0.03318449662998319,34,0.1998473391899732,4.691963797265833,19.692335671672282
414,0.02795282681929131,8,0.04145676493475145,5.4137959480285645,24.676216650216613
415,0.0313962874840945,30,0.14377635995888755,5.162127181680666,10.252522999496014
416,0.024201543703675277,33,0.10291765437906611,5.965492466688156,16.997659842898976
417,0.034058788395692825,8,0.07216729762602823,5.461291432380676,20.668064323134974
418,0.02362886258400976,23,0.09100858502638981,5.633198351432116,31.288602443300277
419,0.02183366908691824,34,0.20104565546572176,5.22541576372066,15.457973219189423
420,0.02451443305704743,39,0.1611977385056551,4.345793733725676,4.925565643512584
421,0.03143361277878284,38,0.005709086365237009,4.864499851776536,6.621741034442776
422,0.018959021614864464,33,0.01100796061697732,5.774903671372504,9.672552845469388
423,0.039922212408855566,38,0.11970933416013839,6.118120918500012,24.6055189419934
424,0.03442684577777984,50,0.09042419980432045,4.5269040829199225,5.961245403402398
425,0.021671743281185627,8,0.027860044521098325,4.789811780055364,20.4382937798836
426,0.03343180779484101,8,0.0585441894836236,4.781074312600222,23.64990680027228
427,0.03019519390707666,8,0.07044244398119684,4.625400517437909,6.794585963430729
428,0.030496443848775208,8,0.061846734656301125,5.854708008144213,28.89779365364488
429,0.023872532267123457,49,-0.015178921392605758,4.90511590927284,8.002814248292134
430,0.03878489627135456,8,0.07416984633865606,4.742811436002905,10.446511874056082
431,0.04793682848103344,30,0.0855508164718331,5.241977143725124,10.08518871358336
432,0.050040904046036304,49,0.21774010602244667,2.363081890540045,4.266530225493804
433,0.04126284563385729,8,0.05777675947819547,3.8733953167410458,30.297166970170192
434,0.04974156678654254,38,-0.006246921688258925,4.626001646249172,6.3191807403941
435,0.02228300988329628,8,0.034778223719583515,4.518196808208119,13.325680007431222
436,0.039859224444712106,8,0.07600793715071913,4.358117739359538,7.9375882586716475
437,0.01926443112149303,8,0.07240176470774592,4.18705766431747,7.586953681253907
438,0.029545245617628096,43,0.19691256657542397,4.139175338293213,6.075830630712594
439,0.029654946550726893,8,0.06561933437681777,4.681273870468139,20.789880891814395
440,0.029490312494270435,8,0.07328053844073465,4.860702350735664,6.1865474758880845
441,0.021357026696205136,43,0.19078574970178985,4.068024504605843,5.148592872378181
442,0.026494340281933555,49,-0.015099193840325924,5.0264734083483384,7.00705998103635
443,0.04940864413976668,38,0.037292444280001266,7.732852469791066,43.82529718101625
444,0.019965675835673876,8,0.07145993442841815,4.735950858854666,6.520853436778882
445,0.029649259736761448,56,0.26292378299587194,5.073639117045836,10.996992464261561
446,0.038859458919614565,50,0.10123681717629568,6.321242949024576,21.755036405758396
447,0.03951089554568277,8,0.06393113384975503,6.00376558303833,59.02818166055036
448,0.056936900317668925,49,0.09543777077884834,3.512062617662278,4.967510007688996
449,0.022588428425101132,8,0.05694548921857337,6.791988764938555,23.922971255791104
450,0.05730722592296923,8,0.07285006202421017,7.062853592413443,14.05743489449084
451,0.050977160520851605,38,-0.1476719851526657,6.004087554448742,11.306724248958124
452,0.04186841506510973,38,-0.062198874170282664,4.174273677508939,6.970219144714386
453,0.029995852770904705,8,0.07577600788644105,8.358789396840473,10.46668375868556
454,0.039428625386208296,38,0.18807373906256047,5.06484332162401,11.022505945254297
455,0.02996226551476865,38,0.12884174027896822,6.640795874595642,215.38551539498718
456,0.02789885151599135,8,0.07016380259657412,6.985023794350801,15.143791457046412
457,0.05762968981348047,8,0.07171225352669582,5.637381648117641,11.425864646533984
458,0.030281746266409757,34,0.08565999253384077,4.455902934959619,11.786377710935406
459,0.027208587569184598,31,0.14542706184634377,5.588691325291343,11.8430469669976
460,0.03313487199135125,11,0.038865792797015464,4.024605929851532,39.232386722535566
461,0.03774377722293139,39,0.05679180474394967,5.624729937392901,7.844718035713857
462,0.04173675882630052,34,0.05843489846695054,7.711364672297523,77.83470494915706
463,0.041304920497350385,34,0.04286227867089675,6.660691416391763,15.531681697529484
464,0.042513650991022583,52,0.046453442463576466,3.9397851451005983,6.3256365545705435
465,0.041074750004336226,8,0.01994191049458274,4.833989027994019,26.82928506423217
466,0.03741776819594882,8,0.0741491841826238,5.278573959592789,9.175856911267438
467,0.03953933133278041,38,0.16522277388774964,3.3136493628136594,5.1016874938999885
468,0.03334204355254769,7,-0.1658069232810801,6.34453198223403,47.2536132164947
469,0.04256112859443282,8,0.05929950218394124,5.666439178586006,35.25185279994641
470,0.029894554410129785,34,-0.08235897181875323,4.519418943561837,6.535592529203903
471,0.03936209781095387,38,-0.3109559760232644,5.8145915894281295,11.801195143047392
472,0.039771695062518125,24,0.08018964511549387,4.261754263531078,22.295323101518193
473,0.03356154312379657,24,0.10653134275556984,5.220105116566022,14.033566175050398
474,0.051542500238865606,21,0.07722013748108422,5.33866356903652,19.198112485578125
475,0.03171930996235461,49,0.19418888128097922,5.099424439186821,6.028652245405184
476,0.024839824037626385,50,0.2526832927014578,6.334273770289577,7.244053441739091
477,0.03500304681062699,8,0.06224754203877793,4.920745892958208,26.41558029493276
478,0.033818568236061504,8,0.07337427393867664,4.953484139134807,8.848110540467133
479,0.032735403804108484,38,0.03478400012815713,5.818006042682606,10.91464927155781
480,0.031386060997843745,8,0.07083679847371996,4.82476671432194,13.944782314186412
481,0.03906267717844103,8,0.03693601282966662,5.169124278610787,7.572490876844907
482,0.03302530838176608,49,0.1705833364753655,4.465651745597522,5.945162053085746
483,0.0467509069480002,33,0.03646470999177972,6.026410111446272,11.23666529806239
484,0.027020059591159225,36,0.20445920817053254,6.535517051815987,18.416062929889733
485,0.023340004633684627,8,0.06270305103758243,5.58914234568091,8.186582869644573
486,0.04984985308721661,50,0.21450248357542345,3.7952251931887933,5.16236028490507
487,0.03353325827978552,8,0.026285642817113163,5.759126816477094,75.22201812504807
488,0.03648323265720258,8,0.07008066132633094,4.753264555476961,5.204974744233686
489,0.02716080954298377,38,0.017582709162268197,4.642710766515561,8.274249697242826
490,0.033062294311821463,37,0.04407427659216634,5.624079630925105,55.16765704039881
491,0.018570651943710718,8,0.07415977847855737,5.046974395712216,11.480963477957795
492,0.03763428669518385,8,0.0654947704255678,4.445894485772258,5.254273391294394
493,0.04154043717309833,38,0.1267663073799238,5.235634693018288,7.661769375512518
494,0.030216365745291112,49,0.16525516163869383,4.512187988360723,7.345200440711898
495,0.04867184186354279,17,0.027155243588886463,0,417.8401691321975
496,0.023629003996029498,49,0.20669326388860917,4.142736158768336,5.870969731343278
497,0.03768047552555799,34,0.080523838875793,6.224221794255849,23.473524619209353
498,0.0345411684571041,8,0.0744883975127536,6.13508957862854,13.886359785875015
499,0.027235244363546376,35,0.08670214623203,5.180997801648283,6.410265234926831
500,0.032144644446671006,38,0.015941838825326207,3.197372563541892,4.315152655916362
501,0.040706888670101755,47,0.18512418501556435,4.633425763232171,5.24424875573846
502,0.04827908029779791,50,0.14755895981263034,4.019123833559587,5.842149736739209
503,0.028309863258710526,8,0.061999241245186826,5.182820062592344,11.793941021977462
504,0.041694662058725976,7,0.010297115046906101,4.389465427398681,90.82108754113602
505,0.03131826591467665,8,0.05582952785560289,4.944856209701367,7.118754899934824
506,0.02902075489982963,38,0.03664409446566546,4.310708582762516,5.720957787440689
507,0.04446121251210571,38,0.05620189523952239,5.766833906372388,56.22859980392442
508,0.03312823802232741,49,0.23380249517227866,6.141659281163846,13.1142495849566
509,0.046077361758798355,38,0.12531831810787963,6.128541011999293,16.122260803076244
510,0.04234355182386936,39,0.017395957679780742,3.826945479085416,6.042888746352905
511,0.026359289558604355,38,0.11092282386702482,5.17608837622243,14.58810239077731
512,0.03960415623707216,8,0.041110820541867314,5.136346123799556,6.9320974724752995
513,0.046277776109054695,34,0.049352880594905266,4.684766959855633,6.8253323065080345
514,0.038479870576411494,38,0.16846238481502374,5.431059800088406,14.435371090474732
515,0.03690877106972039,38,0.1942765936728158,5.240942927507254,9.690968997478052
516,0.038505422142334274,32,0.10598764780370641,7.291858635165474,126.81986838438274
517,0.04105490907491033,8,0.047575285813696286,4.691961457000838,8.164949556750749
518,0.034070529108867056,38,0.17316390839831763,5.063968125684761,13.08921098252295
519,0.03440110639669001,38,0.18935630284416596,5.494429173639842,6.397128908281876
520,0.026692773019894964,49,0.21834384496558645,5.589870896144413,7.165573324362589
521,0.03333575684577226,38,0.06632687735950672,5.853061617061656,14.539599570690141
522,0.024705140041187408,38,0.08234140707116477,4.7366793801927045,7.685461959629158
523,0.030584821542724967,38,0.07461199201585106,5.367554397159016,11.899914606949478
524,0.03215636720415205,8,0.07104984838900272,4.760725255012512,11.110241845658743
525,0.03264643390662968,40,0.04451355009613054,3.6633215525252805,5.996083112667257
526,0.0397236234601587,38,-0.04390364518187334,5.450012685095028,6.826864508689398
527,0.03401490811258554,49,0.2908729388306076,4.717375112727364,5.005174847873427
528,0.046021423107013106,38,0.04147621151448777,4.645113735681488,8.032743382534695
529,0.03274413662031294,46,0.1872669242140346,4.573701337821739,5.385774080503546
530,0.02860168589834581,11,0.09976928732663529,2.30452571336816,3.2260579510977894
531,0.05321097222156821,49,0.20743938633749592,5.263199919221029,6.562248142936448
532,0.044390090534951056,8,0.04771801456135624,4.443928543259116,36.538853948511374
533,0.04425072483718396,38,0.0887324154057863,4.78414322099378,12.342657412007929
534,0.03149036093614995,31,0.10985919757314073,5.755767997960712,14.202550282485927
535,0.04227946876548232,34,0.18130428464231346,5.7601697742938995,171.12164083914865
536,0.04318840825930237,11,-0.17627057181963335,5.076510426109639,10.560484104868248
537,0.028271982464939352,38,0.14050253834975265,5.988376438617706,35.535914550430554
538,0.025176148028934708,8,0.03475869806474048,4.679099130630493,30.524011531066936
539,0.02158268193968317,8,0.07351591406709321,5.394494903330901,6.033254163197403
540,0.03628208168496296,8,0.05807489170327758,5.435650215429418,20.377699618322225
541,0.021440263349013253,8,0.06527137694870722,5.333329831202006,6.532477776573075
542,0.03616982951760291,31,0.14321122447357637,6.428223625377372,23.240544335821003
543,0.04508341757580637,8,0.022269051462576902,4.39042212507304,58.691107571814264
544,0.02969569752090856,8,0.06993371419071207,4.559549365245121,7.23158551499271
545,0.031333582986095176,8,0.04692381098006809,3.9059869902474538,13.23186710033522
546,0.03626573430374264,49,0.15753154820046628,3.114383235491894,4.807803910306039
547,0.024509583939319464,8,0.07626331186463699,5.101072829823162,6.214312741926218
548,0.026325937374494974,43,0.21363358147585979,4.649228422754053,7.2071664296335785
549,0.029257892575114963,38,0.04482408341633743,5.92931146396173,11.880915906049236
550,0.026948037408292286,38,0.02544549178802396,5.780602742234866,20.44819932516815
551,0.036166078234091396,5,0.0076881803513189195,4.288252353668213,261.85019560341317
552,0.03737965684779213,8,0.050746810259682675,4.946839469494206,6.512538228452939
553,0.028580834418535227,23,0.11084406644139312,5.3848817812071905,41.021538455294454
554,0.02609274297952652,44,0.23906695600735864,5.829655138168546,6.572538325529046
555,0.024725877709217435,8,0.059138701537352935,2.2897517681121826,80.62847086898682
556,0.023802480148151513,44,-0.032236664320952776,5.036819979451061,7.590557801406644
557,0.031443698201328515,38,0.14263536227718743,6.463514731354909,16.62966462294437
558,0.03998091397807002,50,0.15209389328806555,4.294344612628739,5.647921830098465
559,0.028862680458197638,8,0.07205824521700624,4.264125526841007,7.290262439897071
560,0.028106172932311897,38,0.16113907860528393,4.8360843679583665,6.879838554262784
561,0.027864538580179208,33,0.10668275747127078,5.615158807413251,24.199011641006745
562,0.042367093283683065,35,-0.08058447229835401,6.189161606132984,32.98506215044024
563,0.041738651478663076,38,0.18098505396275844,4.717186929406346,26.270823748509596
564,0.03529775071889162,34,-0.03705875903362239,4.881089139863741,8.009847065141521
565,0.037881475128233436,38,0.1369643558263578,5.354554340734587,13.581745418707929
566,0.0243317764531821,8,0.022841642113259963,4.2155453375092256,29.965335567142187
567,0.03489848919212817,39,0.002475028133464636,4.834101143775257,7.806460559905066
568,0.05544231042854095,8,0.07988998774815541,4.833080077993459,18.923190100031782
569,0.049474970838055,8,0.018366027342279923,5.442026519775391,174.2056021752664
570,0.02197456390596926,49,0.16141634451833722,4.731695709186931,5.75926098834268
571,0.037022717918734994,49,0.30382803137221764,4.377819097891289,4.542133191788541
572,0.020878273446898944,8,0.07529299636052071,3.5308948072414954,3.7056004508335723
573,0.0338997625910184,11,0.05913039234054165,3.6636337442644713,18.617881305155198
574,0.03780932253226636,34,0.08431617629222171,5.687115177512169,21.741811216309888
575,0.026331073045730582,49,0.16366043471404246,5.785126795526594,15.090640541265392
576,0.02661881955340505,38,0.08925079864118983,4.637457505236437,12.210482821520298
577,0.03654226103797556,32,0.10044053280382628,4.680105653183519,9.700113291724586
578,0.023627193835563956,28,0.12815960038855312,4.677904398739338,47.40296491058345
579,0.0346127742342651,49,0.16123917894714557,4.954544410343681,5.83362440663587
580,0.033188008470460766,35,0.08069619015350556,5.399124731988083,15.307347744970821
581,0.03777049504220485,38,0.02517610318104175,5.9282254198422795,52.97123129569075
582,0.03294326893053949,47,0.1289496296105117,5.420193704173846,12.630013374093346
583,0.03293317849747836,39,0.07253318264381027,5.788095947420388,10.850197710716605
584,0.032969320537522426,49,0.07800565247644793,6.112459222227335,7.179952556180228
585,0.03651739977300166,21,0.05854457450482702,5.817676484584808,153.34800573218894
586,0.03187958226163886,8,0.05192453463375012,4.816431806249134,11.0442901262248
587,0.0347955424617976,38,0.05538210160894959,6.0192772671580315,11.750753143553737
588,0.030108935090604128,8,0.07224670444475194,3.511131789499116,3.745380182677784
589,0.03150963731110096,36,0.18726818936197698,4.97859450429678,69.5756515301166
590,0.028121986370533706,49,0.14368127141100623,5.25670508192531,10.674068104228521
591,0.027054408993572,38,-0.05820190741232703,5.830394962447739,7.841339745257572
592,0.025691158836707476,38,0.12784504544271622,5.415817467435714,12.051242550594928
593,0.020226743838218885,8,0.0760993294241813,4.953161598930897,7.562336786590079
594,0.036324713164940486,21,0.05299565156358052,6.112950334946315,84.66916644818168
595,0.03076455826487612,49,0.3541351308420986,3.0935478812154336,3.493772979033399
596,0.041590500084566884,8,0.05066056593996657,4.724114338556926,33.16184096550112
597,0.03137385381385684,49,0.12074760534451034,4.420415339643483,5.22593646999897
598,0.05501961479429156,36,0.1370303769787668,6.460324737914773,33.12503577990352
599,0.04165878508239984,34,0.0070837206642870715,4.4342032237776685,7.80900435182465
600,0.03650690665468574,41,0.07335209718111987,5.722291220724583,15.440770350022675
601,0.06199953373521567,44,-0.047445628317909994,5.0968857414095945,9.531631040474256
602,0.06957193356383283,8,0.07311300663639965,4.870176878792268,10.158925195184498
603,0.02810053655705532,8,0.06752928619532415,4.8818495817044205,18.371321406297564
604,0.03751852901652456,38,0.12441429869152022,4.577033111170017,5.335742550755728
605,0.05532908153340773,8,0.07520422269189893,4.01790857950195,6.825496811625292
606,0.05424498035572469,43,0.1937841757967087,5.593081516383579,7.11467538316112
607,0.032045822194983475,8,0.06787159796288585,4.27625437002433,6.24475214817942
608,0.027261560708284383,36,0.03282757974142265,5.71829773404676,12.518734557271666
609,0.03109463717788458,43,0.09482492027253499,4.476098472942357,9.914398995064605
610,0.04147359267841998,8,0.05212027442007723,6.230691625012292,23.948623613213417
611,0.03923472790978849,16,-0.005813796995139077,6.150276427467664,84.33678945804185
612,0.02638013719008604,8,0.07506157183903193,5.342850940792184,6.116495595015549
613,0.045369470734149216,14,-0.0021953768837016637,8.283171892166138,178.97195220503477
614,0.02729164358132925,8,0.029354526525103647,5.683899063052553,36.60597840352357
615,0.02354284846782685,8,0.058873499475171676,6.483387471791708,7.647419575381086
616,0.031019326944754823,8,0.05889269180238229,6.596724652010819,24.993594486717154
617,0.027650795530062167,47,0.19349960921317255,5.00146500299494,6.4468803661018095
618,0.01821776169622056,8,0.0763424858510659,4.943965505361557,5.293656816401642
619,0.029323691474273803,38,-0.06787581591906271,5.6337684159950605,10.49294533085215
620,0.036014020461589115,35,0.06991725337132738,6.341180680842882,14.127976084016272
621,0.030924464389681813,14,0.0257179699373988,4.564787824045528,23.31439793783079
622,0.029726521112024777,8,0.07542435486450642,6.044628267818027,7.149751057314855
623,0.017706465185439408,8,0.05924915432722338,6.172042548656464,48.873567499460634
624,0.029832501443369058,8,0.0480441277733185,6.371724046877961,12.771125895573867
625,0.03904709935188293,38,0.12705083506299608,6.433622588962317,17.73827924572095
626,0.022613216504515685,8,0.06353212239966595,5.795541763305664,14.107663904360107
627,0.02193691830892684,8,0.06858464361062139,5.4274602538173635,6.332306116747026
628,0.024163899421691892,32,0.04163435485155815,5.461584965997147,11.370046323512984
629,0.050625476045534,38,0.06796251952684047,5.570923769179686,14.126236425583803
630,0.031659951545298104,38,0.06689965660489705,4.513602425720518,6.634582459900133
631,0.028068868909031153,49,0.2738591823042046,3.9626867877176175,5.6424036706072656
632,0.020809463129561636,8,0.07544542450393875,6.082762728876142,9.648410473658766
633,0.024223679854767394,38,0.11672798369226339,4.540201210245794,21.66160441102837
634,0.047705357670783995,8,0.027789745670021623,5.639300099828026,16.888968212882872
635,0.02955305787797708,8,0.049476751628973394,6.020769111621074,18.00527569039955
636,0.032361219339072704,49,0.1304789409884788,4.74504772906916,6.24673089527169
637,0.022367861764505507,9,0.02763665615833361,4.473696641623974,125.17064560526593
638,0.03400879099033773,39,0.1669366780062304,6.351139193222131,19.151011930309817
639,0.03441027951426804,38,0.16321227762475443,3.8711469114292414,6.019615337816614
640,0.022912182469378435,8,0.0701154868456964,6.36596468495734,9.022726104491937
641,0.020786056872457267,46,0.0892444681492081,6.214639271929193,10.454040230511714
642,0.031601222073659306,38,-0.0516844950641575,5.02454085983336,6.878959326432794
643,0.04438147307373584,34,-0.09507383519016915,5.274665666233962,7.928518085921623
644,0.0563297757390337,8,0.06300549356092124,6.78966858742213,8.440571217686164
645,0.047071083965711295,49,0.010764269184844627,4.546518802601885,5.722468123751199
646,0.03670959078706801,16,0.03634129189983976,9.54719591140747,570.9033604800173
647,0.03782273848490739,8,0.04601577922400766,4.321945985158284,125.67091751282176
648,0.028955130279064187,39,0.042642685910482606,3.871986535296544,7.279405652352615
649,0.032962640374898905,38,0.15011498431717166,5.406718997261192,14.791837065590967
650,0.041536365887150185,38,0.13633781478476134,5.249683025337401,7.772864806246389
651,0.03405850416049362,42,0.11693182210942625,5.595481760361615,24.399883380452884
652,0.025645970590412626,36,0.03565008726264507,6.057100727515561,13.101820859961254
653,0.04089696780778468,31,0.12416898396715055,7.3522775703006324,52.801311463635656
654,0.03877996402792631,21,0.07096922333517938,5.659359041013215,20.341665494167696
655,0.025188464503735294,38,0.10876803509897369,4.822838391912611,9.62070497623877
656,0.02825460791951273,8,0.059961419487738726,4.864999150907671,7.967395649223129
657,0.038318785830541,8,0.07134624732982724,5.411734352509181,8.0959675341403
658,0.02366073924116791,49,0.10661361684948825,4.984291613147951,6.993135812010977
659,0.02850091373547912,49,-0.06915882038120488,4.113962371631161,5.571692950440751
660,0.034211630309000596,39,0.1065327891248784,5.2596926764525165,6.637284218214585
